loop_bandwidth_limit	mean_goodput
250	219.17646567074905
500	419.36645826509783
750	602.2139765869783
1000	779.3828895429773
1250	927.4064821978859
1500	1048.7194993611904
1750	1131.3953130735622
2000	1098.052484261574
