loop_bandwidth_limit	mean_goodput
250	231.96708362920432
500	448.40074968645786
750	658.0535055712521
1000	848.5255135752699
1250	947.3036841847787
1500	973.6426154696416
1750	987.4308593275782
2000	978.4383380532236
