loop_bandwidth_limit	mean_goodput
250	224.62292856531698
500	440.50566351166907
750	647.2590237685419
1000	843.5665904025
1250	1021.1419912014047
1500	1185.0071656320808
1750	1204.391980151616
2000	1224.105498976943
